{"cameraMode":{"drawMode":0,"name":"Shaded","section":"Shading Mode"},"sceneLighting":true,"audioPlay":false,"sceneViewState":{"showFog":true,"showMaterialUpdate":false,"showSkybox":true,"showFlares":true,"showImageEffects":true,"showParticleSystems":true},"in2DMode":false,"pivot":{"x":-0.4378957450389862,"y":2.2550125122070314,"z":-0.12309615314006806},"rotation":{"x":-0.24522241950035096,"y":-0.021231990307569505,"z":0.0053719207644462589,"w":-0.9692205190658569},"size":3.566028356552124,"orthographic":false}