{"cameraMode":{"drawMode":0,"name":"Shaded","section":"Shading Mode"},"sceneLighting":true,"audioPlay":false,"sceneViewState":{"showFog":true,"showMaterialUpdate":false,"showSkybox":true,"showFlares":true,"showImageEffects":true,"showParticleSystems":true},"in2DMode":false,"pivot":{"x":0.7486853003501892,"y":2.6377670764923097,"z":-0.24423673748970033},"rotation":{"x":0.4507147967815399,"y":-0.2752283215522766,"z":0.14836420118808747,"w":0.8361286520957947},"size":6.622003555297852,"orthographic":true}